{"cameraMode":{"drawMode":0,"name":"Shaded","section":"Shading Mode"},"sceneLighting":true,"audioPlay":false,"sceneViewState":{"showFog":true,"showMaterialUpdate":false,"showSkybox":false,"showFlares":true,"showImageEffects":true,"showParticleSystems":true},"in2DMode":false,"pivot":{"x":-30.515052795410158,"y":1.2170969247817994,"z":6.216517448425293},"rotation":{"x":0.0011632977984845639,"y":0.998934268951416,"z":-0.03628430888056755,"w":0.030571024864912034},"size":27.254060745239259,"orthographic":false}