{"cameraMode":{"drawMode":0,"name":"Shaded","section":"Shading Mode"},"sceneLighting":true,"audioPlay":false,"sceneViewState":{"showFog":true,"showMaterialUpdate":false,"showSkybox":true,"showFlares":true,"showImageEffects":true,"showParticleSystems":true},"in2DMode":false,"pivot":{"x":3.1430578231811525,"y":10.691835403442383,"z":6.077628135681152},"rotation":{"x":-0.1883731633424759,"y":0.6862432956695557,"z":-0.19131362438201905,"w":-0.6760805249214172},"size":4.280004978179932,"orthographic":false}